EST,Max TemperatureF,Mean TemperatureF,Min TemperatureF,Max Dew PointF,MeanDew PointF,Min DewpointF,Max Humidity, Mean Humidity, Min Humidity, Max Sea Level PressureIn, Mean Sea Level PressureIn, Min Sea Level PressureIn, Max VisibilityMiles, Mean VisibilityMiles, Min VisibilityMiles, Max Wind SpeedMPH, Mean Wind SpeedMPH, Max Gust SpeedMPH,PrecipitationIn, CloudCover, Events, WindDirDegrees
2016-1-1,42,38,34,26,23,16,59,52,44,30.06,30.03,29.97,10,10,10,17,8,26,0.00,5,,281
2016-1-2,40,36,32,20,18,15,52,46,40,30.10,30.02,29.96,10,10,10,15,7,23,0.00,3,,275
2016-1-3,45,40,35,23,21,19,56,47,37,29.94,29.86,29.79,10,10,10,17,8,26,0.00,1,,277
2016-1-4,36,25,14,23,9,0,59,44,28,30.32,30.05,29.87,10,10,10,21,9,31,0.00,3,,345
2016-1-5,29,20,11,1,-3,-6,58,41,24,30.62,30.57,30.46,10,10,10,20,5,30,0.00,0,,333
2016-1-6,41,33,25,9,4,-1,50,35,19,30.58,30.50,30.41,10,10,10,13,4,18,0.00,0,,259
2016-1-7,46,39,31,22,11,4,44,33,22,30.38,30.28,30.20,10,10,10,7,2,,0.00,3,,293
2016-1-8,46,39,31,39,29,18,70,64,58,30.22,30.20,30.17,10,10,10,14,4,21,0.00,8,,79
2016-1-9,47,44,40,42,38,32,83,77,70,30.23,30.16,30.06,10,9,4,15,8,20,T,8,Rain,76
2016-1-10,59,50,40,56,46,23,93,71,49,30.01,29.59,29.28,10,4,1,22,10,35,1.80,7,Rain,109
2016-1-11,40,33,26,20,8,1,49,37,25,30.11,29.92,29.63,10,10,10,20,10,35,0.00,1,,289
2016-1-12,44,35,25,29,15,2,75,53,31,30.10,29.85,29.64,10,10,10,22,6,35,T,4,,235
2016-1-13,30,26,22,7,4,2,52,42,31,30.02,29.94,29.75,10,10,10,21,10,35,0.00,0,,284
2016-1-14,38,30,22,22,12,1,55,47,39,29.98,29.95,29.89,10,10,10,15,5,23,T,7,,266
2016-1-15,51,43,34,40,31,20,76,62,48,29.95,29.82,29.54,10,9,7,12,5,18,T,2,,101
2016-1-16,52,47,42,41,37,29,89,70,50,29.76,29.52,29.35,10,8,2,15,7,22,0.24,7,Rain,340
2016-1-17,42,36,30,28,23,17,85,66,47,29.89,29.78,29.69,10,8,0,13,6,19,0.05,6,Fog-Snow,345
2016-1-18,31,25,18,24,6,-2,78,53,27,29.99,29.83,29.68,10,9,2,22,12,35,T,2,Snow,293
2016-1-19,28,22,16,11,3,0,53,42,31,30.13,30.03,29.96,10,10,10,20,11,34,0.00,1,,293
2016-1-20,37,32,27,16,15,12,58,49,40,30.22,30.13,30.07,10,10,10,14,6,22,0.00,2,,302
2016-1-21,36,31,26,14,11,5,55,45,35,30.25,30.15,30.06,10,10,10,15,6,23,0.00,1,,312
2016-1-22,30,26,21,18,6,3,47,41,34,30.30,30.21,30.10,10,9,1,16,7,22,0.01,3,Snow,34
2016-1-23,27,26,24,24,21,15,92,78,63,30.10,29.77,29.60,5,1,0,25,16,42,2.31,8,Fog-Snow,42
2016-1-24,35,28,20,17,11,6,68,53,38,30.10,29.92,29.74,10,8,2,17,6,28,T,3,Snow,327
2016-1-25,39,34,28,27,18,14,64,54,44,30.31,30.25,30.12,10,10,8,9,3,17,0.00,2,,286
2016-1-26,48,43,38,30,29,25,62,56,50,30.19,30.03,29.92,10,10,9,16,7,29,0.00,2,,244
2016-1-27,47,41,34,32,22,16,58,45,31,30.13,30.03,29.92,10,10,8,15,7,25,T,3,Rain,311
2016-1-28,42,37,32,23,20,16,64,51,38,30.13,29.90,29.68,10,10,10,14,5,22,0.00,1,,234
2016-1-29,41,36,30,26,21,15,59,50,40,29.83,29.58,29.46,10,10,7,17,8,32,0.00,4,,298
2016-1-30,39,34,28,22,16,14,58,46,34,30.08,30.01,29.87,10,10,10,16,7,25,0.00,0,,257
2016-1-31,56,46,36,37,28,23,71,52,32,29.98,29.90,29.79,10,10,10,14,5,22,0.00,0,,241
2016-2-1,59,52,44,39,33,24,61,50,39,30.08,29.85,29.73,10,10,5,14,6,21,0.01,3,Rain,267
2016-2-2,50,44,38,28,25,22,57,46,34,30.37,30.28,30.10,10,10,10,12,4,17,0.00,0,,21
2016-2-3,59,51,42,54,48,29,93,75,57,30.31,30.03,29.83,10,6,1,18,7,30,0.73,7,Rain,171
2016-2-4,59,52,44,55,42,26,93,68,42,30.08,29.97,29.86,10,9,2,14,6,21,T,8,Rain,305
2016-2-5,44,38,31,31,26,13,92,66,40,30.32,30.13,30.04,10,4,0,17,8,29,0.53,6,Fog-Rain-Snow,359
2016-2-6,39,34,30,21,18,15,57,49,41,30.43,30.34,30.26,10,10,10,10,6,20,0.00,0,,262
2016-2-7,47,40,33,27,22,19,59,48,37,30.23,30.10,29.90,10,10,10,18,5,26,0.00,0,,63
2016-2-8,39,34,28,27,24,20,78,63,48,29.86,29.78,29.73,10,7,0,21,11,31,0.05,7,Snow,47
2016-2-9,36,32,27,26,22,21,81,69,56,29.73,29.63,29.56,10,10,5,14,4,19,T,7,,61
2016-2-10,39,35,31,29,25,13,82,63,44,29.75,29.63,29.58,10,6,1,16,6,24,0.01,8,Snow,273
2016-2-11,31,25,18,17,2,-6,49,40,31,30.19,29.92,29.75,10,9,2,20,10,37,T,4,Snow,293
2016-2-12,27,21,15,7,0,-3,51,42,32,30.27,30.12,29.92,10,10,10,15,7,27,0.00,3,,276
2016-2-13,22,14,6,12,-5,-17,68,47,25,30.31,30.07,29.86,10,10,10,23,12,40,0.00,2,,301
2016-2-14,15,7,-1,-12,-16,-19,51,38,24,30.55,30.48,30.32,10,10,10,20,6,33,0.00,0,,311
2016-2-15,35,24,13,32,18,-11,89,61,33,30.56,30.33,30.09,10,4,0,12,5,17,0.44,7,Fog-Rain-Snow,66
2016-2-16,54,45,35,50,44,25,96,79,62,30.09,29.74,29.43,10,5,0,18,8,40,1.01,7,Fog-Rain,181
2016-2-17,39,37,35,27,24,21,64,58,52,30.19,29.99,29.79,10,10,10,14,7,22,0.00,5,,301
2016-2-18,36,32,27,21,7,0,61,42,22,30.54,30.40,30.21,10,10,10,15,7,23,0.00,0,,334
2016-2-19,39,32,24,30,15,3,70,51,32,30.60,30.42,30.18,10,10,10,14,5,23,0.00,3,,169
2016-2-20,61,50,39,35,30,26,70,52,33,30.13,29.92,29.80,10,10,10,16,7,30,0.00,2,,232
2016-2-21,55,50,44,36,32,28,54,45,35,29.97,29.91,29.81,10,10,9,14,5,21,0.03,3,Rain,333
2016-2-22,52,45,38,31,24,14,64,46,28,30.27,30.12,29.97,10,10,10,16,5,22,0.00,1,,37
2016-2-23,40,38,35,33,30,12,89,62,34,30.33,30.26,30.17,10,6,2,24,15,35,0.30,7,Rain,68
2016-2-24,60,48,36,56,43,32,93,89,85,30.19,29.81,29.32,10,3,1,21,10,36,1.22,8,Rain,95
2016-2-25,61,49,37,56,38,26,89,70,50,29.55,29.35,29.22,10,10,9,20,9,36,0.02,7,Rain,243
2016-2-26,39,33,27,19,9,0,64,44,23,30.10,29.87,29.58,10,10,10,22,9,34,0.00,2,,299
2016-2-27,41,34,26,19,12,7,50,40,30,30.14,30.06,29.98,10,10,10,15,6,24,0.00,0,,268
2016-2-28,60,49,38,31,24,19,52,40,27,29.99,29.89,29.74,10,10,10,17,7,31,0.00,0,,239
2016-2-29,61,54,47,40,31,24,76,54,32,29.94,29.71,29.60,10,10,4,15,9,26,0.05,2,Rain,254
2016-3-1,52,46,39,45,28,11,80,53,25,30.19,29.99,29.62,10,10,10,15,8,25,0.00,3,,162
2016-3-2,55,42,29,49,25,7,77,52,27,30.10,29.71,29.45,10,9,2,23,10,40,0.14,3,Rain,293
2016-3-3,36,31,26,17,7,3,47,37,26,30.26,30.21,30.14,10,10,10,16,6,25,0.00,2,,290
2016-3-4,39,35,30,27,24,14,85,66,47,30.18,30.12,30.00,10,4,1,15,8,22,0.11,7,Snow,49
2016-3-5,41,35,28,21,13,6,56,41,25,30.22,30.17,30.11,10,10,10,13,4,18,0.00,2,,11
2016-3-6,44,38,32,23,14,4,61,45,29,30.31,30.26,30.21,10,10,10,13,3,15,0.00,3,,27
2016-3-7,60,48,36,35,30,22,70,53,36,30.28,30.14,29.97,10,9,5,17,8,30,0.00,0,,251
2016-3-8,67,57,47,40,35,32,71,52,32,30.16,30.12,30.06,10,8,6,14,3,19,0.00,2,,149
2016-3-9,77,61,44,42,39,36,83,55,27,30.15,30.07,29.99,10,7,4,10,2,22,0.00,0,,68
2016-3-10,79,71,63,53,46,43,53,41,29,30.02,29.95,29.87,10,10,8,12,5,30,0.00,3,,264
2016-3-11,68,58,48,55,42,30,86,60,33,30.34,30.09,29.89,10,9,2,17,6,26,0.06,4,Rain,322
2016-3-12,59,50,40,38,31,25,55,43,30,30.36,30.21,30.00,10,10,10,15,5,23,0.00,0,,54
2016-3-13,62,56,50,38,32,25,59,42,25,30.13,30.05,29.98,10,10,10,12,4,18,T,3,Rain,4
2016-3-14,51,46,40,40,36,28,89,65,41,30.16,30.07,29.90,10,6,2,28,14,40,0.29,8,Rain,75
2016-3-15,57,51,44,43,42,40,92,77,61,29.87,29.81,29.78,10,9,4,23,5,37,0.00,6,,36
2016-3-16,65,57,48,45,43,41,80,64,48,29.87,29.82,29.75,10,10,3,13,4,18,0.02,3,Rain,157
2016-3-17,63,54,45,42,37,28,82,56,29,29.93,29.84,29.75,10,10,8,20,5,32,T,3,,272
2016-3-18,57,50,42,32,25,21,53,40,26,29.97,29.83,29.78,10,10,10,22,9,40,0.00,2,,293
2016-3-19,46,41,36,23,14,6,48,34,20,30.15,30.08,30.00,10,10,10,15,5,24,0.00,1,,22
2016-3-20,43,38,32,30,20,7,89,58,27,30.17,30.06,29.95,10,6,1,18,10,24,0.07,6,Snow,59
2016-3-21,50,41,32,30,24,8,89,54,19,30.04,29.88,29.77,10,6,1,20,8,33,0.06,5,Snow,330
2016-3-22,56,46,35,31,20,15,50,36,22,30.20,30.09,30.01,10,10,10,15,7,23,0.00,0,,256
2016-3-23,71,60,48,35,31,27,52,36,20,30.06,29.96,29.92,10,10,10,15,6,26,0.00,0,,256
2016-3-24,55,50,44,41,37,32,89,70,50,30.13,30.01,29.86,10,9,4,20,9,26,0.00,4,,73
2016-3-25,72,58,44,58,48,32,89,63,37,30.04,29.77,29.70,10,7,2,14,4,22,0.04,6,Rain,53
2016-3-26,55,47,38,36,30,25,76,59,41,30.42,30.29,30.08,10,10,10,14,6,21,0.00,2,,68
2016-3-27,55,49,43,35,34,33,76,63,50,30.40,30.32,30.16,10,10,9,13,6,20,0.00,6,,105
2016-3-28,62,52,42,47,39,28,92,66,39,30.10,29.76,29.51,10,5,2,25,10,45,0.38,8,Rain,51
2016-3-29,53,47,40,29,17,7,53,36,18,30.22,29.95,29.70,10,10,10,26,12,43,0.00,2,,300
2016-3-30,56,47,37,32,18,10,54,37,19,30.38,30.28,30.16,10,10,10,16,5,24,0.00,0,,234
2016-3-31,73,61,49,55,43,23,73,53,33,30.13,29.94,29.78,10,10,10,16,7,28,0.00,2,,202
2016-4-1,79,70,61,58,55,43,78,61,43,29.76,29.61,29.46,10,10,8,12,7,30,0.01,6,Rain,217
2016-4-2,61,55,49,45,42,37,80,63,46,29.65,29.54,29.35,10,10,4,9,5,20,0.15,7,Rain,67
2016-4-3,50,42,34,44,16,5,79,51,23,30.04,29.70,29.24,10,10,8,25,13,45,0.09,4,Rain,296
2016-4-4,45,37,29,41,29,14,89,67,44,30.06,29.91,29.80,10,7,2,16,7,25,0.47,8,Rain-Snow,46
2016-4-5,43,35,26,21,8,0,69,44,18,30.38,30.26,30.08,10,10,10,22,8,31,0.00,2,,18
2016-4-6,48,39,30,38,17,4,71,48,25,30.40,30.25,29.98,10,10,10,17,6,36,0.00,1,,155
2016-4-7,58,53,48,52,45,37,86,69,51,29.95,29.57,29.36,10,9,6,20,7,34,0.09,5,Rain,189
2016-4-8,50,45,40,36,26,19,62,48,34,29.79,29.63,29.48,10,10,10,13,7,29,0.01,4,,275
2016-4-9,43,40,36,33,25,17,85,63,40,30.00,29.79,29.72,10,9,4,14,12,19,0.09,5,Rain,29
2016-4-10,50,41,31,27,16,10,49,36,23,30.33,30.25,30.05,10,10,10,13,5,24,0.00,1,,241
2016-4-11,65,54,43,45,37,28,66,51,35,30.32,30.14,29.97,10,10,5,13,7,22,0.01,6,Rain,191
2016-4-12,59,52,45,54,37,19,93,61,29,30.29,30.05,29.91,10,9,4,21,6,30,0.20,3,Rain,304
2016-4-13,58,49,40,34,24,19,60,42,24,30.43,30.35,30.30,10,10,10,16,6,25,0.00,0,,21
2016-4-14,62,53,43,35,27,18,65,42,19,30.40,30.34,30.29,10,10,10,12,6,20,0.00,1,,85
2016-4-15,65,54,42,35,28,14,76,47,17,30.47,30.41,30.36,10,10,10,12,4,16,0.00,0,,84
2016-4-16,68,56,43,35,26,14,65,40,15,30.48,30.42,30.37,10,10,10,75,8,20,0.00,0,,70
2016-4-17,75,60,44,36,30,22,70,43,15,30.46,30.37,30.27,10,10,10,9,3,15,0.00,0,,221
2016-4-18,82,67,51,35,30,26,54,34,14,30.27,30.17,30.07,10,10,10,14,4,22,0.00,0,,212
2016-4-19,73,64,55,41,30,17,37,26,15,30.15,30.01,29.94,10,10,10,16,8,27,0.00,1,,351
2016-4-20,69,59,49,30,21,6,36,23,9,30.27,30.22,30.17,10,10,10,16,6,21,0.00,0,,13
2016-4-21,73,61,49,47,35,23,52,37,22,30.22,30.09,29.96,10,10,10,14,6,21,0.00,0,,203
2016-4-22,79,71,62,55,53,46,68,55,42,29.98,29.88,29.81,10,10,8,10,4,18,T,2,,235
2016-4-23,71,63,54,61,51,29,93,63,33,29.96,29.83,29.77,10,7,2,16,7,25,0.16,5,Rain,5
2016-4-24,68,58,47,41,24,17,68,42,15,30.11,30.03,29.97,10,10,10,15,6,25,0.00,0,,31
2016-4-25,69,60,50,46,40,29,68,49,30,30.04,29.96,29.85,10,10,10,9,4,14,0.00,2,,59
2016-4-26,60,54,47,50,47,40,89,75,60,29.90,29.76,29.65,10,6,2,17,7,26,0.24,7,Rain,67
2016-4-27,62,54,46,43,39,36,76,60,44,29.95,29.90,29.87,10,10,10,12,4,20,0.00,5,,90
2016-4-28,59,54,48,44,30,20,77,51,24,30.06,30.02,29.92,10,10,9,13,5,18,0.00,2,,167
2016-4-29,58,52,45,40,34,21,71,48,24,30.15,30.09,30.04,10,10,8,14,6,20,0.05,8,Rain,77
2016-4-30,65,56,46,39,36,30,71,50,28,30.24,30.20,30.14,10,10,10,12,6,18,0.00,4,,99
2016-5-1,51,48,45,46,42,32,93,72,50,30.24,30.16,30.09,10,6,2,13,5,20,0.16,8,Rain,96
2016-5-2,60,53,45,52,47,42,93,83,72,30.07,29.98,29.89,8,5,2,9,2,12,0.04,7,Rain,42
2016-5-3,56,54,51,53,50,48,96,90,83,29.94,29.87,29.81,10,4,2,14,6,19,0.61,8,Rain,85
2016-5-4,52,50,48,48,45,41,89,80,71,29.84,29.78,29.72,10,8,3,17,9,24,0.01,8,Rain,65
2016-5-5,57,52,46,43,42,41,86,72,57,29.74,29.69,29.63,10,10,5,15,8,23,0.00,8,,58
2016-5-6,54,51,48,48,46,42,89,80,71,29.82,29.73,29.66,10,6,0,18,8,28,0.54,8,Fog-Rain,72
2016-5-7,60,54,48,48,47,46,93,80,67,29.84,29.78,29.73,10,7,2,14,4,19,0.00,7,,75
2016-5-8,66,58,49,52,42,25,86,54,22,29.94,29.71,29.64,10,7,1,20,5,31,0.16,4,Rain,278
2016-5-9,72,62,52,40,35,29,48,37,25,30.12,29.98,29.93,10,10,10,18,5,30,0.00,1,,285
2016-5-10,63,57,50,43,30,22,61,42,23,30.27,30.20,30.15,10,10,10,13,5,20,0.00,1,,24
2016-5-11,76,63,50,46,39,32,74,48,22,30.19,30.15,30.09,10,10,10,10,3,17,0.00,0,,262
2016-5-12,80,68,56,50,42,31,75,48,21,30.16,30.10,30.01,10,10,10,12,3,18,0.00,0,,83
2016-5-13,65,62,58,63,55,49,100,86,72,,,,,,,,,,0.25,,,-1
2016-5-14,73,65,56,60,53,43,100,83,65,,,,,,,,,,T,,,-1
2016-5-15,57,52,46,46,34,28,54,48,42,,,,,,,,,,T,,,-1
2016-5-16,66,55,43,33,27,23,36,31,26,30.16,30.12,30.07,10,10,10,9,7,,0.00,0,,290
2016-5-17,64,58,52,48,40,33,72,56,40,30.18,30.15,30.12,10,10,9,6,4,,T,5,,-1
2016-5-18,58,56,54,48,39,34,66,57,47,30.13,30.12,30.11,10,10,10,5,2,,T,8,,170
2016-5-19,73,64,54,45,41,38,62,47,31,30.14,30.10,30.06,10,10,10,10,1,21,0.00,5,,0
2016-5-20,76,65,53,41,39,36,59,42,25,30.26,30.21,30.15,10,10,10,12,5,16,0.00,0,,312
2016-5-21,66,60,54,52,43,38,86,62,37,30.20,30.07,29.90,10,10,7,12,4,19,0.04,4,Rain,89
2016-5-22,70,61,52,52,48,41,89,63,37,29.90,29.84,29.81,10,10,7,10,4,14,0.09,7,Rain,40
2016-5-23,78,67,56,53,50,43,86,63,39,29.94,29.90,29.86,10,9,5,9,3,16,0.02,2,Rain,243
2016-5-24,73,66,58,58,53,48,93,70,47,29.99,29.92,29.86,10,8,2,9,2,14,0.18,7,Rain,313
2016-5-25,88,75,61,51,47,41,72,46,20,30.08,30.04,30.00,10,9,7,10,4,16,0.00,0,,278
2016-5-26,90,80,69,55,49,41,49,37,24,30.11,30.06,30.03,10,8,7,10,4,17,0.00,0,,277
2016-5-27,87,80,73,64,61,52,64,54,43,30.06,30.04,30.00,9,7,6,13,4,20,0.00,0,,186
2016-5-28,92,82,71,66,63,58,66,55,44,30.12,30.10,30.06,9,8,6,12,4,23,0.00,1,,212
2016-5-29,87,79,70,65,59,54,79,58,37,30.14,30.10,30.05,10,9,8,13,5,24,T,1,,194
2016-5-30,82,75,68,69,68,66,100,84,67,30.08,30.00,29.92,10,6,1,12,3,30,1.65,6,Rain,263
2016-5-31,85,78,71,67,64,59,84,64,44,29.98,29.95,29.91,10,8,6,12,3,20,0.00,3,,207
2016-6-1,83,75,66,65,53,48,79,56,33,30.16,30.08,29.99,10,8,7,13,6,17,0.00,0,,77
2016-6-2,78,70,62,60,57,52,78,66,54,30.16,30.12,30.07,9,8,6,12,5,16,0.00,3,,67
2016-6-3,70,67,63,63,60,57,93,83,73,30.10,30.06,30.02,9,6,3,8,1,10,0.04,8,Rain,94
2016-6-4,83,75,66,67,64,60,93,74,55,30.05,29.98,29.91,8,5,1,9,3,13,0.40,6,Rain,195
2016-6-5,71,68,65,67,64,60,93,87,81,29.91,29.77,29.62,10,5,0,18,3,38,0.91,7,Fog-Rain,173
2016-6-6,83,74,65,64,60,54,93,66,39,29.69,29.66,29.63,10,8,4,13,6,22,0.00,3,,258
2016-6-7,85,75,64,62,55,47,73,51,29,29.62,29.53,29.45,10,9,7,17,5,30,T,1,,282
2016-6-8,67,60,52,53,47,40,93,68,43,29.80,29.66,29.58,10,8,1,17,8,28,0.45,4,Rain,292
2016-6-9,71,63,54,42,38,34,61,44,26,29.93,29.83,29.79,10,10,9,21,9,32,0.00,1,,293
2016-6-10,77,67,57,38,37,34,47,35,23,30.04,29.99,29.93,10,10,10,14,5,24,0.00,3,,296
2016-6-11,88,74,59,66,55,38,65,52,39,30.06,29.88,29.70,10,10,8,15,3,25,0.00,8,,257
2016-6-12,83,73,62,65,53,39,62,42,22,29.81,29.68,29.61,10,9,2,21,8,36,0.00,,,300
2016-6-13,74,66,57,50,46,43,62,52,41,29.89,29.83,29.79,10,10,10,14,7,27,0.00,2,,316
2016-6-14,79,69,58,48,45,41,62,45,28,29.97,29.91,29.85,10,10,10,10,4,17,0.00,1,,307
2016-6-15,85,74,62,57,49,41,60,42,23,29.99,29.92,29.83,10,10,9,12,2,18,0.00,0,,265
2016-6-16,74,70,65,65,62,56,93,74,54,29.84,29.79,29.73,10,6,1,8,2,16,0.22,7,Rain,64
2016-6-17,78,71,63,60,54,42,87,62,36,30.12,29.94,29.79,10,9,7,13,5,19,0.00,1,,82
2016-6-18,87,74,61,56,50,47,60,45,29,30.29,30.21,30.12,10,10,9,9,3,16,0.00,0,,287
2016-6-19,88,77,66,60,55,49,73,55,36,30.31,30.28,30.25,10,9,8,12,3,19,0.00,1,,160
2016-6-20,84,74,64,64,61,58,87,68,48,30.24,30.09,29.87,10,9,8,12,3,17,0.00,0,,148
2016-6-21,87,80,72,63,55,44,60,44,28,29.85,29.80,29.75,10,10,6,15,5,27,T,2,Rain,275
2016-6-22,86,77,68,57,49,44,61,44,27,29.92,29.83,29.80,10,10,9,17,4,26,0.00,1,,300
2016-6-23,83,76,69,65,57,49,79,60,41,29.91,29.86,29.81,10,9,8,8,2,12,0.00,4,,51
2016-6-24,84,76,67,64,56,49,84,61,37,30.11,30.02,29.88,10,9,6,15,6,22,0.00,0,,69
2016-6-25,86,75,64,59,55,48,84,59,34,30.21,30.17,30.12,10,9,7,9,4,15,0.00,0,,67
2016-6-26,87,77,67,60,55,46,68,53,37,30.23,30.19,30.12,10,9,7,10,3,17,0.00,1,,241
2016-6-27,83,75,67,68,61,49,97,71,44,30.13,30.05,29.99,10,8,2,12,5,22,0.45,2,Rain,217
2016-6-28,76,72,68,70,67,65,97,88,79,30.03,29.96,29.87,10,6,1,12,4,17,0.12,8,Rain,182
2016-6-29,83,75,67,67,62,55,93,67,40,29.94,29.89,29.85,10,7,2,10,2,17,0.01,4,Rain,285
2016-6-30,85,76,67,61,57,53,68,51,34,30.03,29.99,29.95,10,10,9,8,3,15,0.00,1,,313
2016-7-1,79,73,66,70,66,56,97,75,53,30.02,29.94,29.86,10,6,0,13,3,22,0.83,4,Fog-Rain,198
2016-7-2,76,70,63,67,55,47,90,63,36,30.06,29.97,29.85,10,9,4,13,5,24,0.00,2,,298
2016-7-3,78,71,64,57,53,50,67,54,41,30.12,30.08,30.05,10,10,10,9,3,16,0.00,0,,269
2016-7-4,84,75,66,67,61,55,74,57,40,30.09,30.02,29.92,10,7,2,12,3,21,0.49,3,Rain,243
2016-7-5,86,78,69,70,68,65,97,74,51,29.94,29.82,29.76,10,6,0,12,3,16,0.66,6,Fog-Rain,266
2016-7-6,91,83,75,71,67,62,74,58,41,29.88,29.84,29.80,10,9,8,8,2,16,0.00,0,,287
2016-7-7,89,83,77,74,71,69,85,71,57,29.82,29.77,29.72,9,7,2,9,2,18,0.04,2,Rain,315
2016-7-8,86,77,67,72,69,63,93,77,61,29.89,29.81,29.75,9,7,2,13,5,18,0.08,4,Rain,87
2016-7-9,72,69,65,65,63,60,87,80,73,29.91,29.86,29.81,9,6,1,10,4,16,0.53,8,Rain,130
2016-7-10,80,73,66,66,63,58,100,76,52,29.97,29.86,29.81,10,7,2,12,4,22,T,5,,317
2016-7-11,81,73,65,62,59,53,78,61,43,30.11,30.07,29.99,10,10,10,10,3,15,0.00,1,,115
2016-7-12,82,75,68,65,63,60,73,62,51,30.15,30.09,30.05,10,10,9,13,4,19,0.00,1,,222
2016-7-13,85,78,71,69,67,63,82,72,62,30.08,30.05,29.99,10,9,9,10,5,20,0.00,2,,228
2016-7-14,88,81,73,76,72,69,94,79,63,30.03,29.91,29.79,10,7,0,20,3,35,0.62,5,Fog-Rain,217
2016-7-15,88,84,79,72,69,64,79,63,46,29.93,29.86,29.82,10,9,7,13,4,21,0.00,0,,252
2016-7-16,90,83,75,69,65,61,74,57,40,30.06,30.00,29.93,10,9,7,13,4,23,T,1,,22
2016-7-17,89,82,75,70,65,59,74,59,43,30.11,30.08,30.04,10,9,7,10,3,16,0.00,0,,269
2016-7-18,93,83,72,71,68,60,93,67,41,30.10,30.05,29.99,10,8,0,13,6,22,0.35,2,Rain,257
2016-7-19,83,78,73,70,56,49,82,57,31,30.17,30.08,29.99,10,9,9,12,5,23,0.00,3,,318
2016-7-20,85,77,68,58,54,49,57,45,33,30.24,30.18,30.13,10,10,9,10,3,14,0.00,2,,61
2016-7-21,90,81,71,65,62,57,79,57,34,30.18,30.11,30.04,10,9,8,12,5,21,0.00,0,,224
2016-7-22,94,84,74,71,68,65,84,63,41,30.03,29.90,29.78,9,8,6,16,7,26,0.00,0,,251
2016-7-23,96,88,80,68,60,52,59,42,24,29.89,29.84,29.78,10,9,8,15,5,24,0.00,1,,285
2016-7-24,94,85,75,67,62,57,62,46,30,29.99,29.95,29.91,10,9,8,9,4,18,0.00,0,,22
2016-7-25,93,83,73,77,71,64,97,73,49,29.96,29.90,29.81,10,5,0,18,3,31,1.00,4,Fog-Rain,244
2016-7-26,89,81,72,72,66,59,93,67,40,29.93,29.89,29.86,10,8,3,12,4,22,0.00,1,,290
2016-7-27,91,83,74,68,63,60,67,53,38,29.96,29.92,29.88,10,9,8,8,2,11,0.00,1,,333
2016-7-28,95,85,75,72,67,56,82,54,26,29.92,29.89,29.84,9,7,3,13,3,23,T,1,Rain,291
2016-7-29,85,77,69,72,69,66,97,80,63,29.93,29.87,29.81,9,4,0,13,4,18,1.09,6,Fog-Rain,60
2016-7-30,84,79,73,73,71,67,93,79,65,30.08,30.02,29.93,9,4,1,10,4,20,0.25,6,Rain,116
2016-7-31,78,75,71,73,71,69,94,84,74,30.07,30.02,29.98,10,6,1,14,4,20,1.08,8,Rain,133
2016-8-1,80,75,69,69,66,62,97,82,67,30.10,30.06,30.01,10,8,3,13,5,17,T,8,Rain,69
2016-8-2,79,74,68,64,61,56,79,68,56,30.14,30.10,30.04,10,9,9,16,7,20,0.00,5,,68
2016-8-3,80,73,66,61,59,56,81,63,45,30.19,30.16,30.13,10,9,8,9,3,16,0.00,1,,70
2016-8-4,81,74,67,63,60,57,81,66,51,30.19,30.14,30.09,10,9,7,8,2,15,0.00,1,,168
2016-8-5,83,76,69,66,62,59,70,62,54,30.09,29.99,29.87,10,9,8,10,4,19,0.00,2,,214
2016-8-6,87,80,72,73,68,59,82,67,51,29.86,29.78,29.69,10,8,1,14,5,22,0.05,5,Rain,264
2016-8-7,86,78,70,61,57,54,70,52,34,29.94,29.87,29.79,10,10,8,10,4,18,0.00,0,,297
2016-8-8,86,79,71,67,60,54,74,56,37,30.12,30.04,29.96,10,10,9,8,1,11,0.00,1,,42
2016-8-9,87,79,71,68,62,56,74,55,35,30.22,30.18,30.13,10,9,8,10,3,18,0.00,0,,240
2016-8-10,86,81,75,78,73,70,87,74,61,30.22,30.16,30.08,10,8,2,12,4,20,0.09,6,Rain,236
2016-8-11,91,83,74,77,74,71,91,74,56,30.10,30.04,29.97,10,8,2,13,5,20,0.15,3,Rain,260
2016-8-12,93,83,73,78,73,70,93,75,56,30.06,29.94,29.84,10,7,2,13,5,22,0.32,3,Rain,268
2016-8-13,96,89,81,78,75,69,85,68,51,29.92,29.88,29.82,10,8,7,12,4,19,0.00,0,,243
2016-8-14,94,86,78,75,72,67,91,70,49,30.05,29.96,29.88,10,9,1,12,4,22,0.06,2,Rain,281
2016-8-15,92,85,77,72,69,64,79,60,41,30.19,30.13,30.04,10,9,9,9,3,14,0.00,1,,342
2016-8-16,87,83,78,78,74,70,94,77,59,30.19,30.10,29.99,9,7,2,13,4,24,0.11,3,Rain,218
2016-8-17,85,81,77,75,66,61,82,65,47,30.04,30.00,29.96,10,10,9,17,5,33,0.01,2,,277
2016-8-18,85,79,72,70,66,62,90,71,51,30.02,29.98,29.92,10,9,4,9,2,13,0.03,6,Rain,5
2016-8-19,88,81,74,71,67,64,87,68,48,29.96,29.93,29.89,10,9,7,12,2,16,0.01,3,,73
2016-8-20,83,77,70,71,69,67,97,78,58,29.98,29.94,29.89,10,7,0,16,5,23,0.82,4,Fog-Rain,93
2016-8-21,86,80,73,74,72,66,94,76,58,29.95,29.85,29.77,10,7,0,12,4,21,0.31,5,Fog-Rain,198
2016-8-22,79,72,65,67,55,46,79,59,38,30.22,30.00,29.81,10,10,9,14,6,29,0.00,0,,318
2016-8-23,82,72,61,58,52,48,67,52,36,30.33,30.27,30.23,10,10,9,9,2,17,0.00,0,,282
2016-8-24,87,78,68,64,60,55,70,56,33,30.30,30.26,30.21,10,9,8,6,3,,0.00,0,,282
2016-8-25,86,78,69,72,66,61,78,65,48,,,,,,,,,,0.00,,,-1
2016-8-26,90,83,75,72,67,61,83,61,40,,,,,,,,,,0.00,,,-1
2016-8-27,89,82,75,63,58,55,54,47,39,30.26,30.22,30.19,10,10,9,10,3,17,0.00,0,,-1
2016-8-28,89,81,72,67,63,58,84,62,40,30.27,30.21,30.15,10,9,8,7,2,,0.00,0,,170
2016-8-29,91,83,74,67,61,55,73,54,34,30.17,30.11,30.06,10,9,8,10,5,19,0.00,1,,305
2016-8-30,86,78,69,66,60,55,74,59,44,30.17,30.11,30.04,10,10,9,12,3,16,0.00,1,,82
2016-8-31,89,82,74,70,67,61,84,64,43,30.07,29.98,29.87,10,8,5,9,3,17,T,3,,220
2016-9-1,79,74,69,70,68,58,93,80,66,29.96,29.87,29.83,10,5,0,10,2,16,0.50,7,Fog-Rain,315
2016-9-2,81,74,66,57,54,50,68,54,39,30.14,30.06,29.97,10,10,10,13,6,18,0.00,1,,18
2016-9-3,75,71,66,62,58,54,81,67,53,30.21,30.16,30.13,10,10,10,15,7,24,0.00,2,,69
2016-9-4,80,73,65,59,54,49,78,58,37,30.25,30.22,30.17,10,10,10,15,7,21,0.00,0,,62
2016-9-5,84,75,65,58,52,46,56,48,40,30.23,30.12,29.97,10,10,10,16,8,27,0.00,1,,37
2016-9-6,80,76,71,67,61,53,84,65,46,30.00,29.97,29.93,10,10,5,18,10,30,T,7,,35
2016-9-7,85,78,71,68,66,64,84,70,55,30.03,29.98,29.93,10,9,5,14,6,22,0.00,6,,49
2016-9-8,89,80,71,73,69,67,84,69,53,29.96,29.89,29.81,9,8,6,10,3,19,0.00,1,,178
2016-9-9,91,83,75,74,70,67,94,71,47,30.02,29.91,29.82,10,8,2,10,4,17,0.22,4,Rain,331
2016-9-10,90,82,74,77,73,70,94,77,59,30.01,29.97,29.91,8,6,4,10,4,21,T,2,,96
2016-9-11,83,75,67,73,61,46,85,59,33,30.16,29.97,29.86,10,9,7,16,6,28,0.00,2,,302
2016-9-12,78,70,62,57,51,45,73,54,35,30.27,30.22,30.17,10,10,10,9,4,16,0.00,0,,69
2016-9-13,83,74,64,62,59,55,78,62,46,30.25,30.18,30.11,10,10,9,13,4,23,0.00,0,,228
2016-9-14,91,79,67,70,62,54,84,58,32,30.14,30.06,29.96,10,7,0,15,5,27,0.56,3,Fog-Rain,295
2016-9-15,74,68,61,54,48,43,67,51,35,30.29,30.25,30.16,10,10,10,15,5,24,0.00,1,,56
2016-9-16,73,67,61,54,53,51,72,61,49,30.34,30.30,30.27,10,10,10,9,3,17,0.00,3,,163
2016-9-17,77,67,59,64,58,52,87,70,52,30.28,30.20,30.10,10,10,9,8,3,,0.00,1,,193
2016-9-18,82,76,70,70,67,61,84,77,69,30.11,30.06,30.00,10,9,7,12,4,18,0.00,4,,239
2016-9-19,76,73,69,72,69,66,100,91,82,30.11,30.05,29.99,10,6,1,12,2,18,0.68,6,Rain,250
2016-9-20,82,75,68,68,67,64,93,74,55,30.15,30.10,30.07,10,9,6,9,2,12,0.00,4,,32
2016-9-21,84,76,68,68,56,45,90,59,28,30.19,30.15,30.10,10,10,7,12,4,17,0.00,0,,26
2016-9-22,86,76,65,55,51,44,68,48,27,30.19,30.14,30.09,10,10,10,8,2,14,0.00,0,,88
2016-9-23,87,76,64,63,57,51,78,54,30,30.07,30.00,29.92,10,10,8,12,2,17,0.01,1,,335
2016-9-24,71,65,58,61,52,42,93,65,37,30.16,30.10,30.01,10,9,2,14,5,23,0.20,5,Rain,45
2016-9-25,70,62,54,43,39,34,64,46,28,30.21,30.17,30.12,10,10,10,10,3,15,0.00,0,,23
2016-9-26,74,64,54,58,47,38,72,58,44,30.21,30.13,29.99,10,10,10,12,4,19,0.00,3,,95
2016-9-27,74,69,64,64,60,50,87,67,46,29.98,29.93,29.88,10,8,2,10,3,18,0.22,4,Rain,259
2016-9-28,69,63,56,60,57,53,93,80,67,30.25,30.12,29.99,10,8,3,18,8,27,0.00,6,,62
2016-9-29,64,61,57,55,53,51,87,75,63,30.38,30.33,30.25,10,9,3,21,11,31,0.00,8,,77
2016-9-30,59,58,56,57,54,49,93,83,72,30.35,30.29,30.24,10,4,1,16,10,28,0.40,8,Rain,59
2016-10-1,62,59,56,56,54,53,93,86,78,30.26,30.20,30.14,10,9,5,16,8,23,0.00,8,,61
2016-10-2,63,60,57,59,56,53,93,86,78,30.14,30.08,30.02,10,8,5,9,3,12,0.00,8,,54
2016-10-3,72,66,60,59,57,55,90,74,57,30.11,30.03,29.99,10,7,4,7,2,11,0.00,6,,40
2016-10-4,69,65,60,59,54,50,84,70,55,30.34,30.26,30.12,10,10,8,15,8,23,0.00,7,,70
2016-10-5,67,60,53,53,49,43,80,63,45,30.37,30.32,30.27,10,10,9,13,5,17,0.00,1,,72
2016-10-6,73,64,55,56,53,47,93,66,38,30.33,30.30,30.27,10,8,6,7,2,13,0.00,0,,67
2016-10-7,75,66,57,58,53,42,93,67,40,30.31,30.26,30.19,10,8,3,9,2,16,0.00,0,,125
2016-10-8,68,63,58,64,61,55,93,85,76,30.17,30.07,29.99,10,6,1,8,2,11,0.23,6,Rain,60
2016-10-9,65,58,51,63,52,38,97,74,51,30.09,30.01,29.95,10,6,1,16,7,28,0.55,7,Rain,12
2016-10-10,64,56,47,37,33,28,65,46,27,30.38,30.23,30.08,10,10,10,15,5,23,0.00,0,,328
2016-10-11,63,55,46,47,40,33,72,59,46,30.48,30.43,30.40,10,10,10,9,4,15,0.00,0,,124
2016-10-12,66,60,53,54,50,48,89,73,56,30.42,30.33,30.19,10,10,8,8,1,13,0.00,2,,101
2016-10-13,67,60,53,56,53,39,93,74,55,30.19,30.11,30.05,10,8,5,12,3,34,T,3,,284
2016-10-14,62,55,47,39,36,33,66,53,39,30.39,30.32,30.20,10,10,10,12,5,19,0.00,0,,37
2016-10-15,65,55,45,47,42,34,76,60,43,30.46,30.38,30.31,10,10,10,9,3,14,0.00,0,,5
2016-10-16,69,61,53,56,52,47,89,73,57,30.31,30.15,30.02,10,9,7,10,4,19,0.00,2,,248
2016-10-17,81,72,63,60,59,56,84,68,51,30.02,29.93,29.86,10,9,6,8,3,14,0.00,3,,260
2016-10-18,81,74,67,63,61,59,78,66,54,29.94,29.89,29.82,9,8,6,14,4,23,0.00,0,,213
2016-10-19,85,75,65,63,58,46,78,58,37,30.14,29.97,29.86,10,9,8,13,5,21,0.00,1,,285
2016-10-20,70,66,62,63,56,48,87,72,56,30.15,30.09,29.98,10,8,6,12,6,17,0.00,5,,81
2016-10-21,69,63,57,67,65,60,100,92,84,29.94,29.65,29.42,10,5,0,12,2,17,1.11,7,Fog-Rain,148
2016-10-22,57,52,47,56,43,32,93,73,52,29.68,29.48,29.38,10,8,2,20,10,35,0.29,8,Rain,296
2016-10-23,61,53,45,42,34,28,61,50,39,29.89,29.82,29.69,10,10,10,22,8,36,0.00,1,,282
2016-10-24,62,55,47,47,38,29,83,58,32,30.14,29.95,29.78,10,10,10,16,6,30,T,3,,304
2016-10-25,52,48,43,35,29,23,65,52,38,30.36,30.22,30.13,10,10,10,16,6,27,0.00,3,,299
2016-10-26,51,45,38,28,25,22,70,52,33,30.45,30.40,30.36,10,10,10,13,4,19,0.00,0,,350
2016-10-27,55,48,40,53,43,21,100,70,40,30.45,30.22,30.00,10,5,1,13,5,21,1.41,8,Rain,76
2016-10-28,51,47,42,53,37,29,93,71,49,30.22,30.10,30.01,10,9,2,20,8,34,0.00,5,,302
2016-10-29,64,52,39,50,38,32,76,61,46,30.21,30.06,29.90,10,10,10,14,4,22,0.00,1,,265
2016-10-30,76,65,54,59,55,51,93,74,54,29.96,29.88,29.77,10,7,0,18,4,36,0.56,7,Fog-Rain,10
2016-10-31,54,49,44,51,35,30,77,59,41,30.31,30.14,29.97,10,10,10,12,6,23,0.00,2,,352
2016-11-1,58,49,40,45,39,31,85,68,51,30.40,30.34,30.30,10,10,10,10,3,17,0.00,2,,50
2016-11-2,70,62,54,55,51,45,77,68,58,30.30,30.20,30.10,10,10,9,10,3,17,0.00,1,,254
2016-11-3,72,65,57,56,52,43,84,68,51,30.09,29.95,29.84,10,8,5,15,5,27,0.00,2,,261
2016-11-4,61,54,47,45,35,24,66,48,30,30.24,30.12,29.97,10,10,10,12,5,18,0.00,1,,320
2016-11-5,62,53,44,42,36,26,62,52,42,30.24,30.19,30.13,10,10,10,13,3,20,0.00,1,,288
2016-11-6,59,52,45,43,35,26,66,53,39,30.41,30.22,30.09,10,10,10,16,8,26,0.00,1,,359
2016-11-7,53,47,41,31,27,23,65,49,32,30.49,30.41,30.30,10,10,10,14,5,20,0.00,0,,32
2016-11-8,66,54,41,34,32,28,65,47,29,30.29,30.11,29.90,10,10,10,8,3,13,0.00,0,,286
2016-11-9,59,54,49,52,44,34,93,65,37,29.96,29.86,29.80,10,8,2,14,4,23,0.06,6,Rain,325
2016-11-10,56,48,40,37,31,25,77,55,32,30.04,29.92,29.71,10,10,10,14,6,27,0.00,1,,289
2016-11-11,63,52,41,38,29,20,54,42,29,30.16,29.83,29.65,10,10,10,18,8,34,0.00,1,Rain,286
2016-11-12,50,44,37,23,20,18,48,39,29,30.33,30.24,30.17,10,10,10,12,5,20,0.00,0,,295
2016-11-13,61,51,41,27,24,20,55,38,20,30.16,30.10,30.03,10,10,10,13,5,19,0.00,0,,266
2016-11-14,62,54,46,30,22,19,34,27,20,30.05,30.02,29.97,10,10,10,13,4,20,0.00,1,,265
2016-11-15,56,52,47,49,45,31,93,66,38,29.98,29.84,29.73,10,5,0,17,6,28,1.81,8,Fog-Rain,9
2016-11-16,61,53,45,42,37,34,86,63,39,29.89,29.78,29.74,10,10,9,10,4,17,0.00,1,,277
2016-11-17,61,55,49,41,39,36,71,57,42,30.08,30.00,29.90,10,10,8,13,4,20,0.00,0,,312
2016-11-18,64,54,44,38,37,33,76,55,34,30.14,30.08,30.04,10,10,9,8,2,13,0.00,0,,315
2016-11-19,63,50,37,49,45,34,80,65,50,30.04,29.77,29.58,10,8,2,18,5,32,0.25,4,Rain,81
2016-11-20,42,38,34,34,29,19,85,65,44,29.61,29.57,29.52,10,8,2,25,10,39,0.31,8,Rain-Snow,283
2016-11-21,41,39,36,21,18,16,52,45,37,29.85,29.70,29.57,10,10,10,22,13,39,0.00,7,,290
2016-11-22,41,39,37,24,20,17,59,50,40,30.21,30.05,29.86,10,10,10,21,10,37,0.00,5,,303
2016-11-23,45,40,35,24,22,19,59,49,39,30.31,30.27,30.21,10,10,10,12,5,20,0.00,1,,335
2016-11-24,48,43,38,44,36,23,93,72,50,30.32,30.25,30.19,10,10,7,9,5,14,0.03,6,,68
2016-11-25,54,50,45,46,43,41,92,79,66,30.26,30.21,30.13,8,7,5,9,2,13,0.02,8,Rain,282
2016-11-26,50,45,40,42,37,33,83,68,52,30.14,30.09,30.04,10,9,4,14,4,21,0.00,4,,308
2016-11-27,50,45,39,32,29,26,76,58,39,30.14,30.10,30.06,10,10,10,15,5,24,0.00,1,,300
2016-11-28,52,45,38,39,31,27,64,53,41,30.22,30.16,30.12,10,10,9,10,3,17,0.00,0,,278
2016-11-29,60,56,51,58,54,41,93,78,63,30.12,29.93,29.83,10,4,0,13,5,26,2.20,8,Fog-Rain,195
2016-11-30,58,54,50,53,51,49,100,90,80,29.94,29.81,29.56,10,4,1,18,6,25,0.73,6,Rain,81
2016-12-1,54,48,42,51,41,27,100,73,45,29.83,29.61,29.46,10,7,2,20,8,33,0.07,5,Rain,285
2016-12-2,51,46,40,30,28,26,60,50,39,29.93,29.89,29.85,10,10,10,17,9,28,0.00,3,,278
2016-12-3,47,44,41,30,26,24,58,50,42,30.16,30.04,29.91,10,10,10,17,9,33,T,5,,303
2016-12-4,47,43,39,25,22,19,54,44,34,30.23,30.19,30.12,10,10,10,12,5,20,0.00,2,,3
2016-12-5,49,44,38,38,34,22,85,65,45,30.10,30.02,29.94,10,8,3,15,6,24,0.19,5,Rain,273
2016-12-6,46,42,37,37,31,27,85,69,53,30.14,30.02,29.86,10,9,4,15,5,22,0.35,4,Rain,69
2016-12-7,46,43,40,38,37,33,92,79,65,30.04,29.96,29.84,10,7,2,15,4,21,0.09,7,Rain,7
2016-12-8,45,40,35,31,23,16,67,49,34,30.00,29.99,29.97,10,10,9,6,4,,0.00,2,,277
2016-12-9,40,35,30,19,15,11,43,37,30,30.28,30.22,30.11,10,10,10,21,10,36,0.00,3,,300
2016-12-10,35,32,28,20,17,14,63,54,44,30.46,30.37,30.28,10,10,10,14,6,20,0.00,3,,291
2016-12-11,35,32,28,30,21,12,85,63,41,30.57,30.44,30.22,10,7,1,12,4,16,0.03,6,Snow,217
2016-12-12,46,40,34,40,36,28,100,83,65,30.16,29.93,29.82,10,6,1,13,6,21,0.50,6,Rain,291
2016-12-13,43,39,35,28,24,21,64,54,43,30.19,30.10,30.01,10,10,10,13,4,19,0.00,2,,278
2016-12-14,42,38,34,29,19,7,70,50,30,30.02,29.96,29.88,10,10,8,14,6,23,0.00,2,,283
2016-12-15,34,27,19,10,0,-12,54,38,21,30.17,29.95,29.77,10,10,5,25,11,40,T,2,,289
2016-12-16,27,22,17,7,4,2,54,46,38,30.46,30.37,30.18,10,10,10,15,6,25,0.00,2,,284
2016-12-17,39,32,24,36,28,10,100,75,50,30.35,30.06,29.89,10,4,1,15,4,26,0.73,8,Rain-Snow,261
2016-12-18,58,45,31,55,39,13,100,70,40,30.46,29.93,29.72,10,5,0,18,7,31,0.04,7,Fog-Rain,298
2016-12-19,31,27,23,13,7,3,55,45,34,30.74,30.66,30.49,10,10,10,14,7,20,0.00,0,,38
2016-12-20,33,27,20,15,9,3,62,48,33,30.67,30.45,30.15,10,10,10,15,3,22,0.00,0,,277
2016-12-21,40,35,30,21,18,13,58,49,40,30.21,30.16,30.11,10,10,10,13,3,19,0.00,0,,262
2016-12-22,49,43,37,27,24,20,59,47,34,30.20,30.04,29.90,10,10,10,16,6,27,0.00,4,,269
2016-12-23,47,43,38,26,24,23,59,49,38,30.44,30.37,30.22,10,10,10,15,6,22,0.00,0,,274
2016-12-24,47,43,38,40,36,25,92,71,49,30.35,30.18,30.06,10,6,1,15,5,22,0.47,6,Rain,259
2016-12-25,50,43,36,31,28,19,70,56,42,30.70,30.46,30.29,10,10,10,14,6,19,0.00,0,,357
2016-12-26,50,42,33,48,33,16,93,70,47,30.73,30.52,30.10,10,9,2,14,7,24,0.02,7,Rain,73
2016-12-27,60,50,40,52,43,27,89,61,33,30.04,29.88,29.76,10,10,9,20,7,33,0.00,5,,264
2016-12-28,40,37,34,27,22,19,64,54,44,30.17,30.09,29.95,10,10,10,14,5,21,0.00,5,,292
2016-12-29,46,40,33,44,36,19,96,74,52,30.09,29.70,29.54,10,6,2,15,5,25,0.39,6,Rain,224
2016-12-30,40,37,33,31,25,19,82,63,44,29.99,29.72,29.54,10,9,0,18,9,29,0.01,3,Fog-Snow,277
2016-12-31,44,38,31,26,20,16,56,46,36,30.15,30.02,29.89,10,10,10,15,7,25,0.00,3,,240
